<?xml version="1.0" encoding="UTF-8"?>
<!-- Created with TexturePacker http://www.codeandweb.com/texturepacker-->
<!-- $TexturePacker:SmartUpdate:98506a124c4a2079f65b4e51bf29800d:7ef82acf5f68a3128321cbbc16a6f9fd:92d8b8ba2c7844a1ea68da3e759242d0$ -->
<!--Format:
n  => name of the sprite
x  => sprite x pos in texture
y  => sprite y pos in texture
w  => sprite width (may be trimmed)
h  => sprite height (may be trimmed)
pX => x pos of the pivot point (relative to sprite width)
pY => y pos of the pivot point (relative to sprite height)
oX => sprite's x-corner offset (only available if trimmed)
oY => sprite's y-corner offset (only available if trimmed)
oW => sprite's original width (only available if trimmed)
oH => sprite's original height (only available if trimmed)
r => 'y' only set if sprite is rotated
with polygon mode enabled:
vertices   => points in sprite coordinate system (x0,y0,x1,y1,x2,y2, ...)
verticesUV => points in sheet coordinate system (x0,y0,x1,y1,x2,y2, ...)
triangles  => sprite triangulation, 3 vertex indices per triangle
-->
<TextureAtlas imagePath="ArriveTown.png" width="213" height="89">
    <sprite n="ReturnToTown17.png" x="1" y="1" w="7" h="43" pX="0.5" pY="0.5"/>
    <sprite n="ReturnToTown18.png" x="10" y="1" w="11" h="36" pX="0.5" pY="0.5"/>
    <sprite n="ReturnToTown19.png" x="23" y="1" w="11" h="17" pX="0.5" pY="0.5"/>
    <sprite n="ReturnToTown20.png" x="36" y="1" w="11" h="15" pX="0.5" pY="0.5"/>
    <sprite n="ReturnToTown21.png" x="49" y="1" w="11" h="15" pX="0.5" pY="0.5"/>
    <sprite n="ReturnToTown22.png" x="62" y="1" w="11" h="15" pX="0.5" pY="0.5"/>
    <sprite n="ReturnToTown23.png" x="75" y="1" w="13" h="16" pX="0.5" pY="0.5"/>
    <sprite n="ReturnToTown24.png" x="90" y="1" w="27" h="18" pX="0.5" pY="0.5"/>
    <sprite n="ReturnToTown25.png" x="119" y="1" w="67" h="38" pX="0.5" pY="0.5"/>
    <sprite n="ReturnToTown26.png" x="1" y="46" w="69" h="17" pX="0.5" pY="0.5"/>
    <sprite n="ReturnToTown27.png" x="72" y="46" w="69" h="17" pX="0.5" pY="0.5"/>
    <sprite n="ReturnToTown28.png" x="143" y="46" w="69" h="16" pX="0.5" pY="0.5"/>
    <sprite n="ReturnToTown29.png" x="1" y="65" w="69" h="12" pX="0.5" pY="0.5"/>
    <sprite n="ReturnToTown30.png" x="72" y="65" w="69" h="11" pX="0.5" pY="0.5"/>
    <sprite n="ReturnToTown31.png" x="143" y="65" w="65" h="10" pX="0.5" pY="0.5"/>
    <sprite n="ReturnToTown32.png" x="1" y="79" w="60" h="9" pX="0.5" pY="0.5"/>
</TextureAtlas>
