<?xml version="1.0" encoding="UTF-8"?>
<!-- Created with TexturePacker http://www.codeandweb.com/texturepacker-->
<!-- $TexturePacker:SmartUpdate:a96af320e3e17ac5a6fe2569190e7fbe:97cf15e61d9c22c711462afd302577ad:f90f1c3b8f202fad9e9e09229707c693$ -->
<!--Format:
n  => name of the sprite
x  => sprite x pos in texture
y  => sprite y pos in texture
w  => sprite width (may be trimmed)
h  => sprite height (may be trimmed)
pX => x pos of the pivot point (relative to sprite width)
pY => y pos of the pivot point (relative to sprite height)
oX => sprite's x-corner offset (only available if trimmed)
oY => sprite's y-corner offset (only available if trimmed)
oW => sprite's original width (only available if trimmed)
oH => sprite's original height (only available if trimmed)
r => 'y' only set if sprite is rotated
with polygon mode enabled:
vertices   => points in sprite coordinate system (x0,y0,x1,y1,x2,y2, ...)
verticesUV => points in sheet coordinate system (x0,y0,x1,y1,x2,y2, ...)
triangles  => sprite triangulation, 3 vertex indices per triangle
-->
<TextureAtlas imagePath="CharacterRun.png" width="174" height="24">
    <sprite n="CharRun0 #238280.png" x="1" y="1" w="21" h="21" pX="0.5" pY="0.5"/>
    <sprite n="CharRun1 #227407.png" x="24" y="1" w="20" h="22" pX="0.5" pY="0.5"/>
    <sprite n="CharRun2 #227544.png" x="46" y="1" w="19" h="22" pX="0.5" pY="0.5"/>
    <sprite n="CharRun3 #233736.png" x="67" y="1" w="19" h="22" pX="0.5" pY="0.5"/>
    <sprite n="CharRun4 #236462.png" x="88" y="1" w="20" h="21" pX="0.5" pY="0.5"/>
    <sprite n="CharRun5 #234350.png" x="110" y="1" w="20" h="22" pX="0.5" pY="0.5"/>
    <sprite n="CharRun6 #227246.png" x="132" y="1" w="19" h="22" pX="0.5" pY="0.5"/>
    <sprite n="CharRun7 #229695.png" x="153" y="1" w="20" h="22" pX="0.5" pY="0.5"/>
</TextureAtlas>
