<?xml version="1.0" encoding="UTF-8"?>
<!-- Created with TexturePacker http://www.codeandweb.com/texturepacker-->
<!-- $TexturePacker:SmartUpdate:1a7e988ca1ca0db056befa32d7097b35:dfbe3a62dd226bed6165cf1dff830292:0d92274f09be548861c1912fa0bc42f4$ -->
<!--Format:
n  => name of the sprite
x  => sprite x pos in texture
y  => sprite y pos in texture
w  => sprite width (may be trimmed)
h  => sprite height (may be trimmed)
pX => x pos of the pivot point (relative to sprite width)
pY => y pos of the pivot point (relative to sprite height)
oX => sprite's x-corner offset (only available if trimmed)
oY => sprite's y-corner offset (only available if trimmed)
oW => sprite's original width (only available if trimmed)
oH => sprite's original height (only available if trimmed)
r => 'y' only set if sprite is rotated
with polygon mode enabled:
vertices   => points in sprite coordinate system (x0,y0,x1,y1,x2,y2, ...)
verticesUV => points in sheet coordinate system (x0,y0,x1,y1,x2,y2, ...)
triangles  => sprite triangulation, 3 vertex indices per triangle
-->
<TextureAtlas imagePath="Robot_Dead.png" width="849" height="786">
    <sprite n="Dead (1).png" x="1" y="1" w="281" h="260" pX="0.5" pY="0.5"/>
    <sprite n="Dead (2).png" x="284" y="1" w="281" h="260" pX="0.5" pY="0.5"/>
    <sprite n="Dead (3).png" x="567" y="1" w="281" h="260" pX="0.5" pY="0.5"/>
    <sprite n="Dead (4).png" x="1" y="263" w="281" h="260" pX="0.5" pY="0.5"/>
    <sprite n="Dead (5).png" x="284" y="263" w="281" h="260" pX="0.5" pY="0.5"/>
    <sprite n="Dead (6).png" x="567" y="263" w="281" h="260" pX="0.5" pY="0.5"/>
    <sprite n="Dead (7).png" x="1" y="525" w="281" h="260" pX="0.5" pY="0.5"/>
    <sprite n="Dead (8).png" x="284" y="525" w="281" h="260" pX="0.5" pY="0.5"/>
    <sprite n="Dead (9).png" x="567" y="525" w="281" h="260" pX="0.5" pY="0.5"/>
    <sprite n="Dead (10).png" x="567" y="525" w="281" h="260" pX="0.5" pY="0.5"/>
</TextureAtlas>
