<?xml version="1.0" encoding="UTF-8"?>
<!-- Created with TexturePacker http://www.codeandweb.com/texturepacker-->
<!-- $TexturePacker:SmartUpdate:11a90e21e0d91cf968a3c1beacd5053f:a9bad95991260f41fe93671bf7141199:761d83a158e9f475018a7ec213410dca$ -->
<!--Format:
n  => name of the sprite
x  => sprite x pos in texture
y  => sprite y pos in texture
w  => sprite width (may be trimmed)
h  => sprite height (may be trimmed)
pX => x pos of the pivot point (relative to sprite width)
pY => y pos of the pivot point (relative to sprite height)
oX => sprite's x-corner offset (only available if trimmed)
oY => sprite's y-corner offset (only available if trimmed)
oW => sprite's original width (only available if trimmed)
oH => sprite's original height (only available if trimmed)
r => 'y' only set if sprite is rotated
with polygon mode enabled:
vertices   => points in sprite coordinate system (x0,y0,x1,y1,x2,y2, ...)
verticesUV => points in sheet coordinate system (x0,y0,x1,y1,x2,y2, ...)
triangles  => sprite triangulation, 3 vertex indices per triangle
-->
<TextureAtlas imagePath="Robot_Idle.png" width="858" height="1120">
    <sprite n="Idle (1).png" x="1" y="1" w="284" h="278" pX="0.5" pY="0.5"/>
    <sprite n="Idle (2).png" x="287" y="1" w="284" h="278" pX="0.5" pY="0.5"/>
    <sprite n="Idle (3).png" x="573" y="1" w="284" h="278" pX="0.5" pY="0.5"/>
    <sprite n="Idle (4).png" x="1" y="281" w="284" h="278" pX="0.5" pY="0.5"/>
    <sprite n="Idle (5).png" x="287" y="281" w="284" h="278" pX="0.5" pY="0.5"/>
    <sprite n="Idle (6).png" x="573" y="281" w="284" h="278" pX="0.5" pY="0.5"/>
    <sprite n="Idle (7).png" x="1" y="561" w="284" h="278" pX="0.5" pY="0.5"/>
    <sprite n="Idle (8).png" x="287" y="561" w="284" h="278" pX="0.5" pY="0.5"/>
    <sprite n="Idle (9).png" x="573" y="561" w="284" h="278" pX="0.5" pY="0.5"/>
    <sprite n="Idle (10).png" x="1" y="841" w="284" h="278" pX="0.5" pY="0.5"/>
</TextureAtlas>
