<?xml version="1.0" encoding="UTF-8"?>
<!-- Created with TexturePacker http://www.codeandweb.com/texturepacker-->
<!-- $TexturePacker:SmartUpdate:10cb3aaf4942a9bff01674c112f08ce6:b71fdbf82bcffee7b2a3c63c98adb970:792535ba58fc4689a797f5253b5afc52$ -->
<!--Format:
n  => name of the sprite
x  => sprite x pos in texture
y  => sprite y pos in texture
w  => sprite width (may be trimmed)
h  => sprite height (may be trimmed)
pX => x pos of the pivot point (relative to sprite width)
pY => y pos of the pivot point (relative to sprite height)
oX => sprite's x-corner offset (only available if trimmed)
oY => sprite's y-corner offset (only available if trimmed)
oW => sprite's original width (only available if trimmed)
oH => sprite's original height (only available if trimmed)
r => 'y' only set if sprite is rotated
with polygon mode enabled:
vertices   => points in sprite coordinate system (x0,y0,x1,y1,x2,y2, ...)
verticesUV => points in sheet coordinate system (x0,y0,x1,y1,x2,y2, ...)
triangles  => sprite triangulation, 3 vertex indices per triangle
-->
<TextureAtlas imagePath="Robot_Run.png" width="858" height="840">
    <sprite n="Run (1).png" x="1" y="1" w="284" h="278" pX="0.5" pY="0.5"/>
    <sprite n="Run (2).png" x="287" y="1" w="284" h="278" pX="0.5" pY="0.5"/>
    <sprite n="Run (3).png" x="573" y="1" w="284" h="278" pX="0.5" pY="0.5"/>
    <sprite n="Run (4).png" x="1" y="281" w="284" h="278" pX="0.5" pY="0.5"/>
    <sprite n="Run (5).png" x="287" y="281" w="284" h="278" pX="0.5" pY="0.5"/>
    <sprite n="Run (6).png" x="573" y="281" w="284" h="278" pX="0.5" pY="0.5"/>
    <sprite n="Run (7).png" x="1" y="561" w="284" h="278" pX="0.5" pY="0.5"/>
    <sprite n="Run (8).png" x="287" y="561" w="284" h="278" pX="0.5" pY="0.5"/>
</TextureAtlas>
