<?xml version="1.0" encoding="UTF-8"?>
<!-- Created with TexturePacker http://www.codeandweb.com/texturepacker-->
<!-- $TexturePacker:SmartUpdate:a66971062453cf928c8a2113e8251b0e:61791b1ef06cc8445e61d1fb5f74b1df:1c7e340182f3ca2a74ae459a0bd4ca87$ -->
<!--Format:
n  => name of the sprite
x  => sprite x pos in texture
y  => sprite y pos in texture
w  => sprite width (may be trimmed)
h  => sprite height (may be trimmed)
pX => x pos of the pivot point (relative to sprite width)
pY => y pos of the pivot point (relative to sprite height)
oX => sprite's x-corner offset (only available if trimmed)
oY => sprite's y-corner offset (only available if trimmed)
oW => sprite's original width (only available if trimmed)
oH => sprite's original height (only available if trimmed)
r => 'y' only set if sprite is rotated
with polygon mode enabled:
vertices   => points in sprite coordinate system (x0,y0,x1,y1,x2,y2, ...)
verticesUV => points in sheet coordinate system (x0,y0,x1,y1,x2,y2, ...)
triangles  => sprite triangulation, 3 vertex indices per triangle
-->
<TextureAtlas imagePath="CoinRotate.png" width="27" height="27">
    <sprite n="GoldCoin0.png" x="1" y="1" w="7" h="7" pX="0.5" pY="0.5"/>
    <sprite n="GoldCoin1.png" x="10" y="1" w="7" h="7" pX="0.5" pY="0.5"/>
    <sprite n="GoldCoin2.png" x="19" y="1" w="7" h="7" pX="0.5" pY="0.5"/>
    <sprite n="GoldCoin3.png" x="1" y="10" w="7" h="7" pX="0.5" pY="0.5"/>
    <sprite n="GoldCoin4.png" x="10" y="10" w="7" h="7" pX="0.5" pY="0.5"/>
    <sprite n="GoldCoin5.png" x="19" y="10" w="7" h="7" pX="0.5" pY="0.5"/>
    <sprite n="GoldCoin6.png" x="1" y="19" w="7" h="7" pX="0.5" pY="0.5"/>
    <sprite n="GoldCoin7.png" x="10" y="19" w="7" h="7" pX="0.5" pY="0.5"/>
</TextureAtlas>
