<?xml version="1.0" encoding="UTF-8"?>
<!-- Created with TexturePacker http://www.codeandweb.com/texturepacker-->
<!-- $TexturePacker:SmartUpdate:3889b9b673506ef5d2c44a309b749379:2d66a808410d01c711faed78415852b3:bb1c26a1f30b68da9ba3a30e44c352bc$ -->
<!--Format:
n  => name of the sprite
x  => sprite x pos in texture
y  => sprite y pos in texture
w  => sprite width (may be trimmed)
h  => sprite height (may be trimmed)
pX => x pos of the pivot point (relative to sprite width)
pY => y pos of the pivot point (relative to sprite height)
oX => sprite's x-corner offset (only available if trimmed)
oY => sprite's y-corner offset (only available if trimmed)
oW => sprite's original width (only available if trimmed)
oH => sprite's original height (only available if trimmed)
r => 'y' only set if sprite is rotated
with polygon mode enabled:
vertices   => points in sprite coordinate system (x0,y0,x1,y1,x2,y2, ...)
verticesUV => points in sheet coordinate system (x0,y0,x1,y1,x2,y2, ...)
triangles  => sprite triangulation, 3 vertex indices per triangle
-->
<TextureAtlas imagePath="RedGiantBatAttack.png" width="249" height="74">
    <sprite n="RedGiantBatAttack0.png" x="1" y="1" w="59" h="23" pX="0.5" pY="0.5"/>
    <sprite n="RedGiantBatAttack1.png" x="62" y="1" w="58" h="25" pX="0.5" pY="0.5"/>
    <sprite n="RedGiantBatAttack2.png" x="122" y="1" w="52" h="27" pX="0.5" pY="0.5"/>
    <sprite n="RedGiantBatAttack3.png" x="176" y="1" w="47" h="29" pX="0.5" pY="0.5"/>
    <sprite n="RedGiantBatAttack4.png" x="1" y="32" w="38" h="35" pX="0.5" pY="0.5"/>
    <sprite n="RedGiantBatAttack5.png" x="41" y="32" w="34" h="40" pX="0.5" pY="0.5"/>
    <sprite n="RedGiantBatAttack6.png" x="77" y="32" w="32" h="40" pX="0.5" pY="0.5"/>
    <sprite n="RedGiantBatAttack7.png" x="111" y="32" w="34" h="41" pX="0.5" pY="0.5"/>
    <sprite n="RedGiantBatAttack8.png" x="147" y="32" w="42" h="39" pX="0.5" pY="0.5"/>
    <sprite n="RedGiantBatAttack9.png" x="191" y="32" w="57" h="33" pX="0.5" pY="0.5"/>
</TextureAtlas>
