<?xml version="1.0" encoding="UTF-8"?>
<!-- Created with TexturePacker http://www.codeandweb.com/texturepacker-->
<!-- $TexturePacker:SmartUpdate:34f766444561bd11aa3c7313384e91e7:483759ad7082a5cafc1070d2185efd55:3065edbf2d6fd483cfc58f7ed74f5689$ -->
<!--Format:
n  => name of the sprite
x  => sprite x pos in texture
y  => sprite y pos in texture
w  => sprite width (may be trimmed)
h  => sprite height (may be trimmed)
pX => x pos of the pivot point (relative to sprite width)
pY => y pos of the pivot point (relative to sprite height)
oX => sprite's x-corner offset (only available if trimmed)
oY => sprite's y-corner offset (only available if trimmed)
oW => sprite's original width (only available if trimmed)
oH => sprite's original height (only available if trimmed)
r => 'y' only set if sprite is rotated
with polygon mode enabled:
vertices   => points in sprite coordinate system (x0,y0,x1,y1,x2,y2, ...)
verticesUV => points in sheet coordinate system (x0,y0,x1,y1,x2,y2, ...)
triangles  => sprite triangulation, 3 vertex indices per triangle
-->
<TextureAtlas imagePath="MagicCircleFX.png" width="495" height="33">
    <sprite n="MagicCircleFx00.png" x="1" y="1" w="31" h="31" pX="0.5" pY="0.5"/>
    <sprite n="MagicCircleFx01.png" x="34" y="1" w="31" h="31" pX="0.5" pY="0.5"/>
    <sprite n="MagicCircleFx02.png" x="67" y="1" w="31" h="31" pX="0.5" pY="0.5"/>
    <sprite n="MagicCircleFx03.png" x="100" y="1" w="31" h="31" pX="0.5" pY="0.5"/>
    <sprite n="MagicCircleFx04.png" x="133" y="1" w="31" h="31" pX="0.5" pY="0.5"/>
    <sprite n="MagicCircleFx05.png" x="166" y="1" w="31" h="31" pX="0.5" pY="0.5"/>
    <sprite n="MagicCircleFx06.png" x="199" y="1" w="31" h="31" pX="0.5" pY="0.5"/>
    <sprite n="MagicCircleFx07.png" x="232" y="1" w="31" h="31" pX="0.5" pY="0.5"/>
    <sprite n="MagicCircleFx08.png" x="265" y="1" w="31" h="31" pX="0.5" pY="0.5"/>
    <sprite n="MagicCircleFx09.png" x="298" y="1" w="31" h="31" pX="0.5" pY="0.5"/>
    <sprite n="MagicCircleFx10.png" x="331" y="1" w="31" h="31" pX="0.5" pY="0.5"/>
    <sprite n="MagicCircleFx11.png" x="364" y="1" w="31" h="31" pX="0.5" pY="0.5"/>
    <sprite n="MagicCircleFx12.png" x="397" y="1" w="31" h="31" pX="0.5" pY="0.5"/>
    <sprite n="MagicCircleFx13.png" x="430" y="1" w="31" h="31" pX="0.5" pY="0.5"/>
    <sprite n="MagicCircleFx14.png" x="463" y="1" w="31" h="31" pX="0.5" pY="0.5"/>
</TextureAtlas>
