<?xml version="1.0" encoding="UTF-8"?>
<!-- Created with TexturePacker http://www.codeandweb.com/texturepacker-->
<!-- $TexturePacker:SmartUpdate:0c13454c8ce98d3e3087ea27a4b077c8:0af1d2f8d2bc3440132431636e3a263f:84c0eeb1505ca0c4cb9443d08d82606f$ -->
<!--Format:
n  => name of the sprite
x  => sprite x pos in texture
y  => sprite y pos in texture
w  => sprite width (may be trimmed)
h  => sprite height (may be trimmed)
pX => x pos of the pivot point (relative to sprite width)
pY => y pos of the pivot point (relative to sprite height)
oX => sprite's x-corner offset (only available if trimmed)
oY => sprite's y-corner offset (only available if trimmed)
oW => sprite's original width (only available if trimmed)
oH => sprite's original height (only available if trimmed)
r => 'y' only set if sprite is rotated
with polygon mode enabled:
vertices   => points in sprite coordinate system (x0,y0,x1,y1,x2,y2, ...)
verticesUV => points in sheet coordinate system (x0,y0,x1,y1,x2,y2, ...)
triangles  => sprite triangulation, 3 vertex indices per triangle
-->
<TextureAtlas imagePath="BackGroundTiles.png" width="608" height="16">
    <sprite n="Wall_Adefault.png" x="0" y="0" w="16" h="16" pX="0.5" pY="0.5"/>
    <sprite n="Wall_Basic_0.png" x="16" y="0" w="16" h="16" pX="0.5" pY="0.5"/>
    <sprite n="Wall_Basic_1.png" x="32" y="0" w="16" h="16" pX="0.5" pY="0.5"/>
    <sprite n="Wall_Basic_2.png" x="160" y="0" w="16" h="16" pX="0.5" pY="0.5"/>
    <sprite n="Wall_Basic_3.png" x="176" y="0" w="16" h="16" pX="0.5" pY="0.5"/>
    <sprite n="Wall_Basic_4.png" x="192" y="0" w="16" h="16" pX="0.5" pY="0.5"/>
    <sprite n="Wall_Basic_5.png" x="208" y="0" w="16" h="16" pX="0.5" pY="0.5"/>
    <sprite n="Wall_Basic_6.png" x="224" y="0" w="16" h="16" pX="0.5" pY="0.5"/>
    <sprite n="Wall_Basic_8.png" x="240" y="0" w="16" h="16" pX="0.5" pY="0.5"/>
    <sprite n="Wall_Basic_9.png" x="256" y="0" w="16" h="16" pX="0.5" pY="0.5"/>
    <sprite n="Wall_Basic_10.png" x="48" y="0" w="16" h="16" pX="0.5" pY="0.5"/>
    <sprite n="Wall_Basic_11.png" x="64" y="0" w="16" h="16" pX="0.5" pY="0.5"/>
    <sprite n="Wall_Basic_12.png" x="80" y="0" w="16" h="16" pX="0.5" pY="0.5"/>
    <sprite n="Wall_Basic_13.png" x="96" y="0" w="16" h="16" pX="0.5" pY="0.5"/>
    <sprite n="Wall_Basic_14.png" x="112" y="0" w="16" h="16" pX="0.5" pY="0.5"/>
    <sprite n="Wall_Basic_15.png" x="128" y="0" w="16" h="16" pX="0.5" pY="0.5"/>
    <sprite n="Wall_Basic_16.png" x="144" y="0" w="16" h="16" pX="0.5" pY="0.5"/>
    <sprite n="Wall_Basic_Ceiling_0.png" x="272" y="0" w="16" h="16" pX="0.5" pY="0.5"/>
    <sprite n="Wall_Basic_Ceiling_1.png" x="288" y="0" w="16" h="16" pX="0.5" pY="0.5"/>
    <sprite n="Wall_Basic_Ceiling_2.png" x="304" y="0" w="16" h="16" pX="0.5" pY="0.5"/>
    <sprite n="Wall_Basic_Ceiling_3.png" x="320" y="0" w="16" h="16" pX="0.5" pY="0.5"/>
    <sprite n="Wall_Basic_Ceiling_4.png" x="336" y="0" w="16" h="16" pX="0.5" pY="0.5"/>
    <sprite n="Wall_Basic_Ceiling_5.png" x="352" y="0" w="16" h="16" pX="0.5" pY="0.5"/>
    <sprite n="Wall_Basic_Ceiling_6.png" x="368" y="0" w="16" h="16" pX="0.5" pY="0.5"/>
    <sprite n="Wall_Basic_Statue_Middle_0.png" x="384" y="0" w="16" h="16" pX="0.5" pY="0.5"/>
    <sprite n="Wall_Basic_Statue_Top_0.png" x="400" y="0" w="16" h="16" pX="0.5" pY="0.5"/>
    <sprite n="Wall_Type2_0.png" x="416" y="0" w="16" h="16" pX="0.5" pY="0.5"/>
    <sprite n="Wall_Type2_1.png" x="432" y="0" w="16" h="16" pX="0.5" pY="0.5"/>
    <sprite n="Wall_Type2_2.png" x="448" y="0" w="16" h="16" pX="0.5" pY="0.5"/>
    <sprite n="Wall_Type2_3.png" x="464" y="0" w="16" h="16" pX="0.5" pY="0.5"/>
    <sprite n="Wall_Type2_5.png" x="480" y="0" w="16" h="16" pX="0.5" pY="0.5"/>
    <sprite n="Wall_Type2_6.png" x="496" y="0" w="16" h="16" pX="0.5" pY="0.5"/>
    <sprite n="Wall_Type2_7.png" x="512" y="0" w="16" h="16" pX="0.5" pY="0.5"/>
    <sprite n="Wall_Type2_8.png" x="528" y="0" w="16" h="16" pX="0.5" pY="0.5"/>
    <sprite n="Wall_Type2_StairLeft.png" x="544" y="0" w="16" h="16" pX="0.5" pY="0.5"/>
    <sprite n="Wall_Type2_StairLeft2.png" x="560" y="0" w="16" h="16" pX="0.5" pY="0.5"/>
    <sprite n="Wall_Type2_StairRight.png" x="576" y="0" w="16" h="16" pX="0.5" pY="0.5"/>
    <sprite n="Wall_Type2_StairRight2.png" x="592" y="0" w="16" h="16" pX="0.5" pY="0.5"/>
</TextureAtlas>
