<?xml version="1.0" encoding="UTF-8"?>
<!-- Created with TexturePacker http://www.codeandweb.com/texturepacker-->
<!-- $TexturePacker:SmartUpdate:4be3b658b691a227e3a5d79b1e4e6982:e7284a8145fd4b67d93afd60ce8d9cfe:44ca8596c08bece64e5e3d42bf610690$ -->
<!--Format:
n  => name of the sprite
x  => sprite x pos in texture
y  => sprite y pos in texture
w  => sprite width (may be trimmed)
h  => sprite height (may be trimmed)
pX => x pos of the pivot point (relative to sprite width)
pY => y pos of the pivot point (relative to sprite height)
oX => sprite's x-corner offset (only available if trimmed)
oY => sprite's y-corner offset (only available if trimmed)
oW => sprite's original width (only available if trimmed)
oH => sprite's original height (only available if trimmed)
r => 'y' only set if sprite is rotated
with polygon mode enabled:
vertices   => points in sprite coordinate system (x0,y0,x1,y1,x2,y2, ...)
verticesUV => points in sheet coordinate system (x0,y0,x1,y1,x2,y2, ...)
triangles  => sprite triangulation, 3 vertex indices per triangle
-->
<TextureAtlas imagePath="SavePointLoop.png" width="200" height="19">
    <sprite n="SavePoint_Loop0.png" x="1" y="1" w="23" h="17" pX="0.5" pY="0.5"/>
    <sprite n="SavePoint_Loop1.png" x="26" y="1" w="23" h="17" pX="0.5" pY="0.5"/>
    <sprite n="SavePoint_Loop2.png" x="51" y="1" w="23" h="17" pX="0.5" pY="0.5"/>
    <sprite n="SavePoint_Loop3.png" x="76" y="1" w="23" h="17" pX="0.5" pY="0.5"/>
    <sprite n="SavePoint_Loop4.png" x="101" y="1" w="23" h="17" pX="0.5" pY="0.5"/>
    <sprite n="SavePoint_Loop5.png" x="126" y="1" w="23" h="17" pX="0.5" pY="0.5"/>
    <sprite n="SavePoint_Loop6.png" x="151" y="1" w="23" h="17" pX="0.5" pY="0.5"/>
    <sprite n="SavePoint_Loop7.png" x="176" y="1" w="23" h="17" pX="0.5" pY="0.5"/>
</TextureAtlas>
