<?xml version="1.0" encoding="UTF-8"?>
<!-- Created with TexturePacker http://www.codeandweb.com/texturepacker-->
<!-- $TexturePacker:SmartUpdate:9262a21561e8d7923a4474af83e6c118:ca107daa59a8807bac80ab04d95c99a4:c69080cbef93d0f731c8a0fa939c424e$ -->
<!--Format:
n  => name of the sprite
x  => sprite x pos in texture
y  => sprite y pos in texture
w  => sprite width (may be trimmed)
h  => sprite height (may be trimmed)
pX => x pos of the pivot point (relative to sprite width)
pY => y pos of the pivot point (relative to sprite height)
oX => sprite's x-corner offset (only available if trimmed)
oY => sprite's y-corner offset (only available if trimmed)
oW => sprite's original width (only available if trimmed)
oH => sprite's original height (only available if trimmed)
r => 'y' only set if sprite is rotated
with polygon mode enabled:
vertices   => points in sprite coordinate system (x0,y0,x1,y1,x2,y2, ...)
verticesUV => points in sheet coordinate system (x0,y0,x1,y1,x2,y2, ...)
triangles  => sprite triangulation, 3 vertex indices per triangle
-->
<TextureAtlas imagePath="TorchIdle.png" width="192" height="27">
    <sprite n="Torch0.png" x="1" y="1" w="22" h="25" pX="0.5" pY="0.5"/>
    <sprite n="Torch1 #230472.png" x="25" y="1" w="22" h="25" pX="0.5" pY="0.5"/>
    <sprite n="Torch2 #230461.png" x="49" y="1" w="22" h="25" pX="0.5" pY="0.5"/>
    <sprite n="Torch3.png" x="73" y="1" w="22" h="25" pX="0.5" pY="0.5"/>
    <sprite n="Torch4 #236962.png" x="97" y="1" w="22" h="25" pX="0.5" pY="0.5"/>
    <sprite n="Torch5.png" x="121" y="1" w="22" h="25" pX="0.5" pY="0.5"/>
    <sprite n="Torch6 #235099.png" x="145" y="1" w="22" h="25" pX="0.5" pY="0.5"/>
    <sprite n="Torch7.png" x="169" y="1" w="22" h="25" pX="0.5" pY="0.5"/>
</TextureAtlas>
